Event detected from camera 101,2023-10-30 11:39:50
Event detected from camera 101,2023-10-30 11:44:52
Event detected from camera 101,2023-10-30 11:49:53
Event detected from camera 101,2023-10-30 11:54:55
Event detected from camera 101,2023-10-30 12:03:03
Event detected from camera 101,2023-10-30 12:08:05
Event detected from camera 101,2023-10-30 12:13:06
Event detected from camera 101,2023-10-30 14:22:39
Event detected from camera 101,2023-10-30 14:30:01
Event detected from camera 101,2023-10-30 14:31:31
Event detected from camera 101,2023-10-30 15:11:27
Event detected from camera 101,2023-10-30 15:12:07
Event detected from camera 101,2023-10-31 10:58:44
Event detected from camera 101,2023-10-31 11:01:25
Event detected from camera 101,2023-10-31 11:10:44
